statistic,Answer Relevancy
count,10.0
null_count,0.0
mean,0.978235294117647
std,0.046072173125282105
min,0.8823529411764706
25%,1.0
50%,1.0
75%,1.0
max,1.0
