Answer Relevancy,Contextual Relevancy
0.9565217391304348,0.5543478260869565
1.0,0.6170212765957447
1.0,0.0
1.0,0.6181818181818182
1.0,0.7078651685393258
1.0,0.6838709677419355
1.0,0.6777777777777778
1.0,0.36470588235294116
0.9444444444444444,0.26666666666666666
1.0,0.20270270270270271
