index,Answer Relevancy,Contextual Relevancy
0,0.9565217391304348,0.5543478260869565
1,1.0,0.6170212765957447
2,1.0,0.0
3,1.0,0.6181818181818182
4,1.0,0.7078651685393258
5,1.0,0.6838709677419355
6,1.0,0.6777777777777778
7,1.0,0.36470588235294116
8,0.9444444444444444,0.26666666666666666
9,1.0,0.20270270270270271
